,Asian,Western,China,Japan,Europe,North America,Worldwide
Asian,0,0.841690358,0.947292552,0.756663667,0.751214341,0.824437341,0.904587497
Western,0.841690358,0,0.833788296,0.788202882,0.805322896,0.813278798,0.925371424
China,0.947292552,0.833788296,0,0.717903505,0.713745445,0.808006871,0.868691919
Japan,0.756663667,0.788202882,0.717903505,0,0.700682362,0.776284838,0.790652395
Europe,0.751214341,0.805322896,0.713745445,0.700682362,0,0.703304375,0.822662075
North America,0.824437341,0.813278798,0.808006871,0.776284838,0.703304375,0,0.794448451
Worldwide,0.904587497,0.925371424,0.868691919,0.790652395,0.822662075,0.794448451,0
