,Asian,Western,China,Japan,Europe,North America,Worldwide
Asian,0,0.947640694,0.963671009,0.940724218,0.959352958,0.899199887,0.977385639
Western,0.947640694,0,0.949930584,0.910480555,0.963019906,0.945261357,0.973237871
China,0.963671009,0.949930584,0,0.917166228,0.947605337,0.913329079,0.961175283
Japan,0.940724218,0.910480555,0.917166228,0,0.918282389,0.850741759,0.942974866
Europe,0.959352958,0.963019906,0.947605337,0.918282389,0,0.915189238,0.974971939
North America,0.899199887,0.945261357,0.913329079,0.850741759,0.915189238,0,0.919497493
Worldwide,0.977385639,0.973237871,0.961175283,0.942974866,0.974971939,0.919497493,0
